"","NARS_ecoregion","nLakes","BurnedLakes","BurnedLakes_WF","BurnedLakes_Rx","PropBurned","PropBurned_WF","PropBurned_Rx"
"1","Coastal Plains",40717,3592,2104,1740,0.0882186801581649,0.0516737480659184,0.042733993172385
"2","Northern Appalachians",12810,45,45,0,0.00351288056206089,0.00351288056206089,0
"3","Northern Plains",7434,292,217,74,0.0392789884315308,0.0291902071563089,0.00995426419155233
"4","Southern Appalachians",8271,323,164,114,0.0390521097811631,0.0198283158022005,0.0137830975698223
"5","Southern Plains",9866,643,522,90,0.065173322521792,0.0529089803365092,0.00912223798905331
"6","Temporate Plains",19081,686,244,320,0.0359519941302867,0.0127875897489649,0.0167706095068393
"7","Upper Midwest",24797,843,705,146,0.0339960479090213,0.0284308585716014,0.00588780900915433
"8","Western Mountains",8822,1367,1251,67,0.154953525277715,0.14180457946044,0.00759464973928814
"9","Xeric",5341,884,834,64,0.165512076390189,0.156150533607939,0.0119827747612807
